labels,torsion_primes
249.a.249.1,"{2, 7}"
249.a.6723.1,"{2, 7}"
277.a.277.1,"{3, 5}"
277.a.277.2,{5}
295.a.295.1,"{2, 7}"
295.a.295.2,{2}
349.a.349.1,{13}
353.a.353.1,{11}
388.a.776.1,"{3, 7}"
389.a.389.1,"{2, 5}"
389.a.389.2,"{2, 5}"
394.a.394.1,"{2, 5}"
394.a.3152.1,"{2, 5}"
427.a.2989.1,"{2, 7}"
461.a.461.1,{7}
461.a.461.2,{}
464.a.464.1,{2}
464.a.29696.1,{2}
464.a.29696.2,{2}
472.a.944.1,{2}
472.a.60416.1,{2}
523.a.523.1,"{2, 5}"
523.a.523.2,{2}
555.a.8325.1,"{2, 5}"
574.a.293888.1,"{2, 5}"
587.a.587.1,{}
597.a.597.1,{7}
603.a.603.1,"{2, 5}"
603.a.603.2,"{2, 5}"
604.a.9664.1,{}
604.a.9664.2,{3}
644.b.14812.1,"{2, 5}"
688.a.2752.1,"{2, 5}"
688.a.704512.2,"{2, 5}"
688.a.704512.1,"{2, 5}"
691.a.691.1,{2}
704.a.45056.1,"{2, 3}"
708.a.2832.1,"{2, 5}"
708.a.19116.1,"{2, 5}"
708.a.181248.1,{2}
709.a.709.1,{2}
713.a.713.1,{}
713.b.713.1,{3}
731.a.12427.1,"{2, 5}"
741.a.28899.1,{2}
743.a.743.1,{}
745.a.745.1,{3}
762.a.3048.1,"{2, 3}"
762.a.82296.1,"{2, 3}"
763.a.763.1,"{2, 5}"
768.a.1536.1,"{2, 3}"
768.a.4608.1,"{2, 3}"
797.a.797.1,{7}
807.a.2421.1,{2}
816.a.13872.1,"{2, 3}"
816.a.39168.1,"{2, 3}"
826.a.11564.1,"{2, 3}"
830.a.6640.1,{2}
830.a.830000.1,{2}
832.a.832.1,{2}
834.a.1668.1,{2}
847.c.9317.1,{2}
856.a.1712.1,"{2, 3}"
862.a.862.1,{2}
862.a.6896.1,{2}
862.b.862.1,{3}
886.a.3544.1,"{3, 5}"
893.a.893.1,{}
909.a.909.1,{2}
909.a.8181.1,{2}
925.a.925.1,{2}
925.a.23125.1,{2}
932.a.3728.1,{}
953.a.953.1,{}
966.a.834624.1,"{2, 3}"
970.a.1940.1,"{2, 5}"
971.a.971.1,{}
975.a.63375.1,"{2, 3}"
976.a.999424.1,{29}
997.a.997.1,{2}
997.a.997.2,{2}
997.b.997.1,{3}
1012.a.4048.1,"{3, 5}"
1038.a.1038.2,"{2, 3}"
1038.a.1038.1,"{2, 3}"
1042.a.1042.1,{3}
1047.a.3141.1,"{2, 5}"
1051.a.1051.1,{}
1051.b.1051.1,{2}
1051.b.1051.2,{2}
1055.a.1055.1,"{2, 3}"
1062.a.6372.1,{2}
1069.a.1069.1,{7}
1070.a.2140.1,{2}
1077.a.1077.2,{2}
1077.a.1077.1,{2}
1077.b.1077.1,{5}
1077.b.1077.2,{}
1091.a.1091.1,{7}
1094.a.2188.1,{}
1104.a.17664.1,"{2, 5}"
1109.a.1109.1,{}
1109.b.1109.1,{7}
1109.c.1109.1,{5}
1116.a.214272.1,"{3, 13}"
1122.b.2244.1,"{2, 3}"
1123.a.1123.1,{2}
1127.a.1127.1,{}
1136.a.9088.1,"{2, 7}"
1136.a.290816.1,"{2, 7}"
1137.a.1137.1,"{2, 3}"
1142.a.2284.1,"{2, 5}"
1142.b.9136.1,"{2, 3}"
1145.a.1145.1,{2}
1145.a.143125.1,{2}
1146.a.2292.1,"{2, 3}"
1147.a.35557.1,{2}
1147.a.35557.2,{2}
1148.a.8036.1,"{2, 5}"
1148.a.47068.1,"{2, 5}"
1164.a.1164.1,{5}
1164.b.670464.1,"{3, 7}"
1180.a.18880.1,"{2, 3}"
1184.a.2368.1,{2}
1184.a.606208.2,{2}
1184.a.606208.1,{2}
1192.a.19072.1,"{2, 11}"
1197.a.10773.1,"{2, 5}"
1197.a.410571.1,"{2, 5}"
1198.a.2396.1,{}
1205.a.1205.1,{}
1207.a.1207.1,{}
1216.a.1216.1,"{2, 3}"
1216.a.19456.1,{2}
1231.a.1231.1,{7}
1239.a.8673.1,"{2, 3}"
1253.a.1253.1,{}
1253.b.1253.1,{}
1258.a.21386.1,"{2, 5}"
1269.a.1269.1,{}
1269.b.102789.1,"{2, 5}"
1269.b.102789.2,"{2, 5}"
1270.a.1270.1,"{2, 3}"
1270.a.325120.1,{2}
1272.a.122112.1,"{2, 3}"
1280.a.12800.1,"{2, 3}"
1284.a.5136.1,"{2, 5}"
1285.a.1285.1,{7}
1309.a.9163.1,{2}
1309.a.9163.2,{2}
1311.a.814131.1,{2}
1312.a.2624.1,{2}
1312.b.10496.1,"{2, 3}"
1312.b.83968.1,"{2, 3}"
1312.c.671744.1,"{2, 11}"
1327.a.1327.1,{}
1328.a.1328.1,{2}
1328.a.84992.1,{2}
1333.a.41323.1,"{2, 5}"
1338.a.2676.1,{2}
1338.b.72252.1,"{2, 3}"
1343.a.1343.1,{}
1343.b.1343.1,{}
1345.a.6725.1,"{2, 5}"
1376.a.2752.1,{2}
1376.b.176128.1,"{2, 3}"
1377.a.37179.1,"{2, 3}"
1383.a.4149.1,{}
1385.a.6925.1,{}
1397.a.1397.1,{}
1403.a.1403.1,{}
1408.a.180224.1,"{2, 3}"
1408.b.180224.2,{2}
1408.b.180224.1,{2}
1408.b.720896.1,{2}
1408.b.720896.2,{2}
1415.a.1415.1,{2}
1416.a.8496.1,"{2, 3}"
1416.b.135936.1,"{2, 7}"
1445.a.122825.1,{2}
1462.a.11696.1,"{2, 5}"
1468.a.2936.1,{}
1468.b.5872.1,"{3, 5}"
1472.a.5888.1,{2}
1472.a.94208.1,{2}
1472.a.94208.2,{2}
1473.a.1473.1,"{2, 3}"
1488.a.71424.1,"{2, 3}"
1490.a.1490.1,{2}
1497.a.1497.1,{}
1497.b.13473.1,{}
1499.a.1499.1,{}
1503.a.4509.1,{}
1519.a.1519.1,{}
1524.a.780288.1,{2}
1532.a.1532.1,{5}
1532.a.392192.1,{}
1534.a.3068.1,{2}
1536.a.12288.1,"{2, 3}"
1544.a.3088.1,{}
1549.a.1549.1,{}
1573.b.224939.1,{2}
1575.a.23625.1,{2}
1575.a.165375.1,{2}
1589.a.1589.1,{5}
1595.a.231275.1,{2}
1611.a.14499.1,"{2, 5}"
1612.a.3224.1,{}
1624.a.831488.1,{2}
1636.a.6544.1,{3}
1637.a.1637.1,{}
1643.a.1643.1,{}
1647.a.1647.1,{}
1649.a.159953.1,"{2, 3}"
1655.a.1655.1,{2}
1655.a.206875.1,{2}
1656.a.804816.1,{2}
1660.a.6640.1,"{2, 5}"
1664.a.3328.1,{2}
1665.a.1665.1,{5}
1680.b.215040.1,{2}
1684.a.215552.1,"{2, 7}"
1689.a.1689.1,{2}
1689.a.45603.1,{2}
1695.a.1695.1,"{2, 3}"
1696.a.27136.1,{2}
1696.a.217088.1,{2}
1701.a.1701.1,{}
1702.a.39146.1,{2}
1706.a.3412.1,{}
1708.a.47824.1,"{2, 5}"
1712.a.109568.1,"{2, 3}"
1717.a.1717.1,{2}
1717.a.1717.2,{2}
1717.b.1717.1,{}
1718.a.3436.1,"{2, 5}"
1721.a.1721.1,{}
1728.a.27648.1,"{2, 3}"
1738.a.137302.1,{2}
1740.a.104400.1,"{2, 3}"
1743.a.597849.1,"{2, 3}"
1744.a.1744.1,"{2, 3}"
1746.a.10476.1,"{2, 3}"
1753.a.1753.1,{}
1757.a.1757.1,{}
1770.a.26550.1,"{2, 3}"
1776.a.7104.1,"{2, 5}"
1776.b.191808.1,"{2, 5}"
1777.a.1777.1,{}
1788.a.14304.1,"{2, 3}"
1791.a.5373.1,{5}
1795.a.224375.1,"{2, 3}"
1797.a.5391.1,{}
1798.a.3596.1,"{2, 3}"
1811.a.1811.1,{}
1811.b.1811.1,{7}
1813.a.1813.1,{}
1832.a.3664.1,{2}
1832.b.3664.1,{2}
1832.b.14656.1,{2}
1835.a.1835.1,{}
1835.b.1835.1,{5}
1844.a.3688.1,{}
1844.b.29504.1,{5}
1844.c.118016.1,{7}
1848.a.99792.1,{2}
1854.a.11124.1,{3}
1861.a.1861.1,{}
1863.a.1863.1,{}
1863.b.1863.1,{}
1870.a.226270.1,{3}
1872.b.29952.1,"{2, 5}"
1872.b.479232.1,"{2, 5}"
1876.a.7504.1,{}
1888.a.241664.1,{2}
1888.a.483328.1,{2}
1888.a.483328.2,{2}
1896.a.728064.1,"{2, 5}"
1899.a.5697.1,{2}
1900.a.3800.1,{3}
1904.a.487424.1,"{2, 5}"
1908.a.183168.1,"{2, 3}"
1911.a.5733.1,{2}
1915.a.1915.1,{}
1919.a.1919.1,{}
1922.a.3844.1,{2}
1923.a.1923.1,{5}
1923.b.17307.1,{}
1929.a.1929.1,{2}
1929.a.52083.1,{2}
1935.a.52245.2,{2}
1935.a.52245.1,{2}
1944.a.34992.1,"{2, 3}"
1947.a.578259.1,{2}
1952.a.15616.1,{}
1952.b.999424.1,{2}
1961.a.1961.1,{}
1973.a.1973.1,{}
1981.a.1981.1,{7}
1982.a.63424.1,{}
1985.a.1985.1,{2}
1987.a.1987.1,{}
1989.a.1989.1,{5}
1991.a.1991.1,{}
1995.a.341145.1,{2}
1996.a.31936.1,{5}
1996.b.510976.1,{17}
2001.a.2001.1,{}
2001.b.2001.1,{5}
2007.a.6021.1,{2}
2012.a.16096.1,{2}
2016.c.774144.1,{2}
2020.a.646400.1,{2}
2027.a.2027.1,{}
2031.a.6093.1,{3}
2036.a.8144.1,{}
2043.a.2043.1,{2}
2054.a.4108.1,{2}
2056.a.4112.1,{2}
2056.b.4112.1,"{2, 3}"
2056.c.8224.1,"{2, 5}"
2056.c.263168.1,"{2, 5}"
2059.a.2059.1,{3}
2060.a.4120.1,{}
2061.a.6183.1,{2}
2063.a.2063.1,{}
2069.a.2069.1,{}
2075.a.10375.1,{2}
2085.a.6255.1,{2}
2094.a.12564.1,{2}
2094.b.50256.1,"{2, 3}"
2101.a.2101.1,{}
2102.a.33632.1,{}
2102.b.67264.1,"{2, 5}"
2106.a.711828.1,"{2, 3}"
2112.a.33792.1,"{2, 3}"
2117.a.2117.1,{2}
2121.a.400869.1,{2}
2123.a.409739.1,{2}
2127.a.6381.1,{2}
2139.a.6417.1,{}
2145.a.70785.1,"{2, 3}"
2148.a.77328.1,{3}
2154.a.17232.1,{2}
2154.a.465264.1,{2}
2165.a.2165.1,{2}
2165.a.270625.1,{2}
2172.a.4344.1,{3}
2173.a.89093.1,{2}
2176.b.557056.1,"{2, 3}"
2188.a.140032.1,"{3, 5}"
2190.a.219000.1,{2}
2192.a.4384.1,"{2, 3}"
2207.a.2207.1,{}
2208.b.847872.1,"{2, 3}"
2214.a.816966.1,"{2, 3}"
2218.a.70976.1,{}
2223.a.6669.1,{2}
2225.a.11125.1,{2}
2230.a.8920.1,{3}
2234.a.2234.1,{}
2238.a.13428.1,{2}
2243.a.2243.1,{}
2251.a.2251.2,{2}
2251.a.2251.1,{2}
2261.a.2261.1,{5}
2272.a.36352.2,{2}
2272.a.36352.1,{2}
2288.a.805376.1,{2}
2290.a.4580.1,{2}
2295.a.11475.1,{2}
2298.a.20682.1,"{2, 3}"
2298.a.165456.1,"{2, 3}"
2299.a.2299.1,{}
2300.a.4600.1,"{2, 3}"
2301.a.6903.1,{2}
2304.a.13824.2,{2}
2304.a.13824.1,{2}
2305.a.2305.1,{}
2305.b.57625.1,{}
2309.a.2309.1,{}
2312.a.4624.1,{3}
2312.a.18496.1,{3}
2315.a.2315.1,{2}
2320.a.11600.1,"{2, 3}"
2320.b.185600.1,"{2, 3}"
2326.a.4652.1,{2}
2335.a.2335.1,{}
2336.a.37376.1,{}
2341.a.2341.1,{3}
2345.a.2345.1,{2}
2345.a.293125.1,{2}
2348.a.2348.1,{5}
2348.b.37568.1,{}
2348.c.601088.1,{11}
2349.a.2349.1,{}
2357.a.2357.1,{}
2363.a.2363.1,{2}
2371.a.2371.1,{2}
2386.a.2386.1,{}
2390.a.4780.1,{2}
2404.a.4808.1,{3}
2405.a.2405.1,{2}
2421.a.7263.1,{}
2430.a.77760.1,"{2, 3}"
2432.a.19456.1,{2}
2442.a.80586.1,{2}
2445.a.22005.1,{5}
2457.a.95823.1,{2}
2457.a.154791.1,{2}
2470.a.321100.1,{2}
2480.a.39680.1,"{2, 5}"
2488.a.9952.1,"{2, 5}"
2493.a.7479.1,{2}
2496.a.29952.1,"{2, 5}"
2505.a.2505.1,{}
2507.a.2507.1,{}
2511.a.2511.1,{}
2512.a.160768.1,{13}
2513.a.17591.1,{2}
2520.b.635040.1,"{2, 5}"
2528.a.20224.1,{2}
2528.a.161792.1,{2}
2528.a.161792.2,{2}
2528.b.40448.1,{2}
2534.a.17738.1,{2}
2540.a.2540.1,{5}
2542.a.5084.1,{}
2547.a.7641.1,{2}
2556.a.30672.1,{3}
2563.a.2563.1,{}
2564.a.5128.1,{}
2575.a.2575.1,"{2, 3}"
2575.b.2575.1,{}
2576.a.288512.1,{2}
2578.a.5156.1,{}
2588.a.82816.1,{}
2591.a.2591.1,{}
2592.a.5184.1,{2}
2600.a.338000.1,{2}
2602.a.41632.1,{}
2611.a.18277.1,{2}
2613.a.2613.1,{5}
2618.a.89012.1,{2}
2618.b.921536.1,"{2, 3}"
2634.a.2634.1,{3}
2646.a.18522.1,{2}
2650.a.5300.1,{2}
2652.a.827424.1,{2}
2663.a.2663.1,{}
2672.a.342016.1,{}
2673.a.8019.1,{3}
2675.a.13375.1,{2}
2675.b.13375.1,"{2, 3}"
2676.a.72252.1,"{2, 5}"
2677.a.2677.1,{5}
2690.a.26900.1,{2}
2693.a.2693.1,{}
2696.a.10784.1,{2}
2697.a.2697.1,{3}
2697.b.24273.1,{}
2714.a.5428.1,{}
2720.a.348160.1,{2}
2722.a.2722.1,{5}
2725.a.2725.1,{}
2735.a.13675.1,{}
2736.a.10944.1,"{2, 5}"
2739.a.2739.1,{2}
2739.a.73953.1,"{2, 3}"
2743.a.2743.1,{}
2745.a.502335.1,{2}
2758.a.5516.1,{2}
2768.a.354304.1,{3}
2780.a.5560.1,{}
2784.a.5568.1,{2}
2784.b.22272.1,"{2, 3}"
2788.a.11152.1,"{2, 3}"
2797.a.2797.1,{}
2799.a.680157.1,{2}
2802.a.2802.1,{}
2810.a.89920.1,{3}
2813.a.2813.1,{}
2815.a.2815.1,{2}
2816.a.180224.2,{2}
2816.a.180224.1,{2}
2816.a.720896.1,{2}
2824.a.11296.1,"{2, 3}"
2836.a.5672.1,{}
2837.a.2837.1,{2}
2837.a.2837.2,{2}
2837.b.2837.1,{2}
2837.b.2837.2,{2}
2848.a.45568.1,{}
2848.b.364544.1,"{2, 7}"
2859.a.77193.1,{3}
2862.a.8586.1,"{2, 3}"
2872.a.367616.1,{2}
2873.a.48841.1,{}
2875.a.2875.1,{2}
2875.a.2875.2,{2}
2886.a.225108.1,"{2, 3}"
2891.a.2891.1,{3}
2902.a.11608.1,{}
2907.a.8721.1,{}
2910.a.564540.1,{2}
2912.a.5824.1,{2}
2912.b.326144.1,{2}
2915.a.2915.1,{}
2917.a.2917.1,{}
2924.a.11696.1,{2}
2928.a.8784.1,{2}
2944.a.23552.1,"{2, 3}"
2949.a.2949.1,{}
2949.b.2949.1,{}
2950.a.472000.1,{2}
2952.a.283392.1,{2}
2955.a.2955.1,{2}
2955.a.369375.1,{2}
2964.a.5928.1,"{2, 3}"
2966.a.5932.1,{2}
2976.a.23808.1,{2}
2976.a.761856.1,{2}
2976.b.23808.1,{2}
2976.b.380928.1,{2}
2977.a.2977.1,{}
2977.b.2977.1,"{2, 3}"
2980.a.381440.1,{2}
2981.a.2981.1,{}
2985.a.134325.1,{3}
3003.a.99099.2,{2}
3003.a.99099.1,{2}
3003.b.819819.1,{2}
3008.a.24064.1,{}
3012.a.6024.1,{3}
3016.a.6032.1,{}
3021.a.172197.1,{2}
3026.a.3026.1,{3}
3026.b.24208.1,{2}
3030.a.90900.1,{2}
3031.a.3031.1,{}
3037.a.3037.1,{}
3040.a.778240.1,{2}
3044.a.97408.1,"{2, 3}"
3061.a.3061.1,{5}
3065.a.15325.1,{}
3071.a.3071.1,{2}
3075.a.9225.1,{}
3077.a.3077.1,{}
3080.a.67760.1,{2}
3088.a.12352.1,{5}
3092.a.98944.1,{}
3098.a.3098.1,{5}
3103.a.3103.1,{}
3103.b.3103.1,{}
3105.a.3105.1,{}
3105.b.27945.1,{2}
3109.a.3109.1,{5}
3112.a.99584.1,{2}
3114.a.3114.1,{2}
3114.a.84078.1,{2}
3116.a.12464.1,{}
3120.a.202800.1,{2}
3124.a.49984.1,{}
3135.a.59565.1,{2}
3136.a.12544.1,{2}
3136.a.200704.3,{2}
3136.a.200704.1,{2}
3136.a.200704.2,{2}
3138.a.301248.1,{2}
3142.a.3142.1,{}
3142.b.201088.1,{}
3145.a.53465.1,{2}
3145.a.581825.1,{2}
3145.b.267325.1,{2}
3152.a.50432.1,{2}
3153.a.9459.1,{}
3159.a.767637.1,{2}
3160.a.505600.1,"{2, 3}"
3161.a.3161.1,{}
3161.b.3161.1,{}
3161.c.3161.1,{}
3165.a.9495.1,{2}
3172.a.12688.1,{3}
3176.a.6352.1,{2}
3176.a.406528.1,{2}
3177.a.28593.1,{}
3179.a.54043.1,{2}
3183.a.85941.1,{}
3189.a.3189.1,{5}
3196.a.6392.1,{}
3200.a.3200.1,{2}
3200.a.6400.1,{2}
3200.b.6400.1,{2}
3200.c.409600.1,{2}
3209.a.3209.1,{3}
3211.a.3211.1,{2}
3211.b.3211.1,{5}
3211.c.3211.1,{}
3215.a.3215.1,"{2, 3}"
3219.a.280053.1,{2}
3222.a.6444.1,"{2, 5}"
3226.a.12904.1,{}
3227.a.22589.1,{}
3237.a.9711.1,"{2, 3}"
3239.a.132799.1,{2}
3239.b.132799.1,{2}
3245.a.16225.1,"{2, 3}"
3248.a.3248.1,{2}
3251.a.3251.1,{}
3274.a.13096.1,{3}
3275.a.3275.1,{2}
3280.a.3280.1,{2}
3285.a.3285.1,{2}
3285.b.49275.1,{2}
3298.a.3298.1,{}
3298.b.844288.1,{}
3304.a.6608.1,{2}
3312.c.211968.1,{2}
3313.a.3313.1,{5}
3317.a.3317.1,{}
3319.a.3319.1,{}
3320.a.33200.1,{2}
3320.a.132800.1,{2}
3320.b.33200.1,{2}
3321.a.29889.1,"{2, 3}"
3321.b.807003.1,{2}
3327.a.9981.1,{}
3328.a.6656.1,{2}
3328.b.13312.1,{2}
3330.a.49950.1,{2}
3333.a.109989.1,{2}
3336.a.20016.1,"{2, 3}"
3336.b.20016.1,{2}
3336.c.80064.1,{2}
3344.a.3344.1,{}
3344.b.13376.1,{}
3349.a.56933.1,{2}
3349.b.56933.1,{2}
3370.a.13480.1,{2}
3372.a.20232.1,{}
3381.a.165669.1,{3}
3391.a.3391.1,{}
3391.b.3391.1,{}
3392.a.3392.1,{2}
3392.a.868352.1,{2}
3392.b.27136.1,{3}
3392.c.868352.1,{2}
3397.a.268363.1,{2}
3400.a.6800.1,{}
3400.b.34000.1,"{2, 3}"
3402.a.95256.1,"{2, 3}"
3411.a.10233.1,{}
3412.a.13648.1,{}
3416.a.109312.1,"{2, 3}"
3417.a.686817.1,{2}
3423.a.3423.1,{2}
3424.a.6848.1,{2}
3426.a.3426.1,{2}
3426.b.20556.1,{2}
3428.a.6856.1,{3}
3429.a.3429.1,{2}
3429.a.30861.1,{2}
3431.a.3431.1,{2}
3434.a.6868.1,"{2, 5}"
3434.b.439552.1,{2}
3436.a.3436.1,{5}
3447.a.93069.1,{2}
3447.a.837621.1,{2}
3449.a.3449.1,{}
3454.a.55264.1,{}
3454.b.110528.1,"{2, 3}"
3456.a.110592.1,{2}
3456.a.248832.1,"{2, 3}"
3456.b.221184.1,{2}
3462.a.560844.1,{2}
3465.a.800415.1,{2}
3469.a.3469.1,{}
3483.a.282123.1,{5}
3489.a.10467.1,{2}
3490.a.34900.1,{2}
3492.a.670464.1,{}
3499.a.3499.1,{}
3504.a.14016.1,{2}
3513.a.3513.1,{2}
3513.a.94851.1,{2}
3515.a.333925.1,{2}
3515.b.333925.1,{2}
3520.a.56320.1,{2}
3520.b.56320.1,{2}
3521.a.24647.1,"{2, 3}"
3527.a.3527.1,{}
3528.a.148176.1,{2}
3528.b.338688.1,{}
3530.a.56480.1,{2}
3549.a.173901.1,{}
3550.a.284000.1,{}
3552.a.454656.1,{2}
3557.a.3557.1,{}
3561.a.10683.1,{2}
3561.b.10683.1,{2}
3564.b.705672.1,{3}
3565.a.17825.1,{}
3565.b.17825.1,{}
3566.a.3566.1,{}
3566.b.3566.1,{5}
3568.a.3568.1,{2}
3568.a.228352.1,{2}
3568.b.57088.1,{2}
3568.c.57088.1,{}
3568.d.913408.1,{3}
3571.a.3571.1,{}
3572.a.57152.1,{}
3572.b.114304.1,{2}
3578.a.57248.1,{}
3589.a.348133.1,{2}
3589.b.348133.1,{2}
3591.a.226233.1,{2}
3601.a.3601.1,{5}
3601.b.608569.1,{3}
3616.a.115712.1,{2}
3616.b.462848.1,"{2, 3}"
3618.a.195372.1,{2}
3622.a.463616.1,{}
3628.a.7256.1,{}
3629.a.3629.1,{}
3634.a.167164.1,{2}
3637.a.3637.1,{5}
3640.a.582400.1,{2}
3644.a.7288.1,{}
3644.b.58304.1,{}
3646.a.29168.1,{}
3648.a.98496.1,{2}
3648.b.233472.1,"{2, 3}"
3650.a.3650.1,{2}
3650.a.456250.1,{2}
3655.a.3655.1,{2}
3661.a.3661.1,{2}
3664.a.58624.1,{2}
3664.a.937984.1,{2}
3664.b.234496.1,{2}
3675.a.385875.1,{2}
3680.a.29440.1,{2}
3680.b.29440.1,{2}
3680.b.942080.1,{2}
3701.a.3701.1,{}
3701.b.3701.1,{5}
3701.c.3701.1,{}
3705.a.211185.1,{2}
3705.a.240825.1,{2}
3705.b.722475.1,{2}
3709.a.3709.1,{3}
3712.a.7424.1,{2}
3712.b.118784.1,{2}
3712.c.475136.1,{2}
3712.d.950272.1,{}
3716.a.7432.1,{3}
3718.a.48334.1,{}
3726.a.3726.1,{}
3732.a.67176.1,{3}
3732.b.477696.1,{}
3735.a.56025.1,{2}
3744.a.29952.1,{2}
3746.a.3746.1,{}
3746.b.29968.1,{2}
3746.c.239744.1,{}
3753.a.33777.1,{2}
3759.a.3759.1,{}
3764.a.3764.1,{5}
3766.a.120512.1,{2}
3775.a.3775.1,{}
3776.a.15104.1,"{2, 5}"
3776.b.60416.1,{2}
3776.c.241664.1,{7}
3779.a.3779.1,{}
3779.b.3779.1,{}
3787.a.3787.1,{}
3787.b.3787.1,{}
3788.a.3788.1,{5}
3788.b.242432.1,{}
3792.a.3792.1,"{2, 3}"
3792.a.60672.1,{2}
3792.b.15168.1,"{2, 5}"
3792.b.485376.1,"{2, 5}"
3797.a.3797.1,{2}
3798.a.729216.1,{}
3807.a.925101.1,{}
3812.a.243968.1,{}
3824.a.489472.1,{}
3827.a.3827.1,{}
3830.a.122560.1,{}
3836.a.26852.1,{2}
3836.a.525532.1,{2}
3840.a.7680.1,{2}
3840.a.115200.1,{2}
3846.a.123072.1,{2}
3852.a.3852.1,{5}
3854.a.3854.1,{}
3860.a.77200.1,{3}
3864.a.494592.1,{2}
3866.a.7732.1,{2}
3871.a.27097.1,{}
3872.a.30976.1,{2}
3872.a.495616.1,{2}
3879.a.11637.1,{}
3883.a.469843.1,{2}
3887.a.3887.1,{5}
3888.a.7776.1,"{2, 3}"
3888.a.248832.1,"{2, 3}"
3897.a.105219.1,{2}
3904.a.3904.1,{}
3904.b.3904.1,{2}
3904.c.3904.1,{}
3904.d.999424.1,{7}
3908.a.15632.1,{3}
3914.a.31312.1,{}
3920.a.62720.1,"{2, 5}"
3920.b.62720.1,{2}
3940.a.15760.1,{3}
3940.b.394000.1,{}
3942.a.31536.1,{}
3942.b.319302.1,{2}
3944.a.126208.1,"{2, 3}"
3950.a.7900.1,{}
3950.b.39500.1,"{2, 3}"
3956.a.506368.1,"{2, 5}"
3967.a.3967.1,{}
3969.a.3969.1,{}
3970.a.992500.1,{2}
3973.a.3973.1,{3}
3978.a.930852.1,{2}
3979.a.3979.1,{}
3984.a.47808.1,{2}
3989.a.3989.1,{5}
3997.a.3997.1,{2}
4006.a.64096.1,{2}
4016.a.64256.1,{}
4021.a.4021.1,{}
4025.a.4025.1,{}
4036.a.16144.1,{3}
4043.a.4043.1,{2}
4044.a.8088.1,"{2, 3}"
4048.a.712448.1,{2}
4051.a.4051.1,{}
4059.a.133947.1,{2}
4069.a.4069.1,{2}
4069.a.4069.2,{2}
4075.a.4075.1,{2}
4086.a.32688.1,"{2, 5}"
4086.b.294192.1,{2}
4100.a.65600.1,{3}
4109.a.4109.1,{}
4110.a.131520.1,"{2, 3}"
4112.a.4112.1,{2}
4112.a.16448.1,{2}
4118.a.131776.1,{2}
4123.a.4123.1,{2}
4123.a.4123.3,{2}
4123.a.4123.2,{2}
4125.a.4125.1,{2}
4125.a.680625.1,{2}
4128.a.74304.1,{2}
4128.b.594432.1,{}
4132.a.66112.1,{3}
4136.a.8272.1,{2}
4136.b.8272.1,{2}
4136.c.132352.1,"{2, 7}"
4137.a.86877.1,{2}
4138.a.132416.1,"{2, 5}"
4146.a.24876.1,{2}
4150.a.41500.1,{2}
4152.a.49824.1,"{2, 5}"
4156.a.8312.1,{}
4157.a.4157.1,{}
4160.a.16640.1,{2}
4167.a.12501.1,{2}
4168.a.266752.1,{7}
4171.a.4171.1,{}
4173.a.12519.1,{2}
4178.a.4178.1,{3}
4181.a.472453.1,{2}
4185.a.4185.1,{2}
4185.b.4185.1,{}
4185.c.37665.1,{}
4190.a.8380.1,{2}
4196.a.16784.1,{}
4196.b.33568.1,{}
4197.a.4197.1,{}
4234.a.33872.1,{2}
4234.b.618164.1,{2}
4236.a.203328.1,{}
4236.b.542208.1,"{2, 3}"
4240.a.84800.1,"{2, 5}"
4252.a.68032.1,{3}
4254.a.25524.1,"{2, 5}"
4254.b.25524.1,"{2, 3}"
4255.a.97865.1,{2}
4256.a.544768.1,{2}
4263.a.4263.1,{}
4264.a.699296.1,"{2, 5}"
4273.a.4273.1,{}
4276.a.273664.1,{}
4282.a.8564.1,{}
4288.a.34304.1,{}
4288.b.548864.1,{11}
4291.a.30037.1,{}
4293.a.4293.1,{3}
4293.b.38637.1,{2}
4293.c.38637.1,"{3, 5}"
4296.a.34368.1,{}
4298.a.137536.1,{}
4304.a.68864.1,{}
4304.b.275456.1,{2}
4310.a.86200.1,{}
4312.a.189728.1,"{2, 5}"
4312.a.551936.1,"{2, 5}"
4324.a.99452.1,"{2, 3}"
4324.b.812912.1,{2}
4329.a.480519.1,{2}
4330.a.108250.1,"{2, 3}"
4331.a.307501.1,{2}
4332.c.25992.1,{}
4336.a.138752.1,{}
4337.a.4337.1,{}
4338.a.702756.1,{2}
4338.b.702756.1,{2}
4344.a.834048.1,"{2, 7}"
4346.a.178186.1,{2}
4352.a.8704.1,{2}
4356.b.470448.1,{}
4357.a.4357.1,{2}
4364.a.8728.1,{3}
4367.a.4367.1,{}
4367.b.4367.1,{}
4384.a.70144.1,{}
4384.b.140288.1,"{2, 3}"
4388.a.140416.1,{}
4392.a.26352.1,{2}
4403.a.4403.1,{}
4404.a.26424.1,{3}
4406.a.8812.1,{}
4407.a.13221.1,{}
4418.a.4418.1,{3}
4421.a.4421.1,{}
4421.b.4421.1,{}
4421.c.4421.1,{}
4428.a.239112.1,{}
4430.a.4430.1,"{2, 3}"
4431.a.837459.1,{2}
4432.a.17728.1,{}
4460.a.17840.1,{2}
4464.a.214272.1,{2}
4477.a.4477.1,{}
4482.a.4482.1,{5}
4482.b.71712.1,{}
4486.a.8972.1,{2}
4489.b.4489.1,{}
4494.a.62916.1,{2}
4496.a.575488.1,{}
4504.a.9008.1,{2}
4504.a.576512.1,{2}
4510.a.9020.1,{2}
4512.a.144384.1,{}
4512.b.324864.1,{3}
4514.a.4514.1,{3}
4515.a.67725.1,{2}
4517.a.4517.1,{5}
4518.a.578304.1,{2}
4524.a.176436.1,"{2, 5}"
4524.b.488592.1,{3}
4528.a.4528.1,{2}
4528.b.72448.1,{2}
4528.c.72448.1,"{2, 5}"
4533.a.122391.1,{}
4536.a.145152.1,{2}
4542.a.27252.1,{2}
4544.a.4544.1,{2}
4557.a.13671.1,{}
4564.a.4564.1,{5}
4571.a.4571.1,{5}
4577.a.4577.1,{}
4580.a.293120.1,{2}
4581.a.13743.1,{}
4587.a.4587.1,{}
4588.a.36704.1,{}
4589.a.4589.1,{}
4589.b.59657.1,{}
4599.a.96579.1,{2}
4606.a.147392.1,{}
4611.a.401157.1,{2}
4617.a.41553.1,"{2, 3}"
4619.a.4619.1,{}
4624.b.4624.1,{}
4624.d.295936.1,{13}
4629.a.4629.1,{2}
4644.a.9288.1,{}
4648.a.9296.1,"{2, 3}"
4648.b.18592.1,"{2, 5}"
4648.c.148736.1,"{2, 7}"
4649.a.4649.1,{}
4650.b.432450.1,{2}
4655.a.32585.1,{2}
4667.a.4667.1,{2}
4669.a.4669.1,{}
4671.a.126117.1,{}
4672.a.9344.1,{3}
4672.a.9344.2,{3}
4673.a.4673.1,{}
4680.a.449280.1,{2}
4691.a.4691.1,{}
4698.a.37584.1,{}
4698.b.408726.1,{2}
4698.c.761076.1,{}
4706.a.150592.1,{3}
4707.a.42363.1,{2}
4714.a.150848.1,{}
4720.a.75520.1,{2}
4725.a.297675.1,{2}
4735.a.4735.1,{}
4736.a.303104.1,{2}
4736.b.303104.1,{2}
4736.c.606208.1,{2}
4736.d.606208.1,"{2, 3}"
4736.e.606208.2,{2}
4736.e.606208.1,{2}
4741.a.4741.1,{}
4749.a.4749.1,{3}
4752.a.4752.1,{}
4752.b.19008.1,{}
4752.d.608256.1,{3}
4768.a.76288.1,{2}
4770.a.686880.1,"{2, 5}"
4773.a.529803.1,{2}
4775.a.4775.1,{}
4782.a.38256.1,{2}
4794.a.86292.1,{2}
4795.a.33565.1,"{2, 3}"
4799.a.4799.1,{}
4800.a.14400.1,"{2, 3}"
4808.a.9616.1,{}
4815.a.14445.1,{7}
4815.b.72225.1,{2}
4824.a.617472.1,"{2, 5}"
4827.a.4827.1,{5}
4827.b.43443.1,{}
4832.a.4832.1,{2}
4832.b.154624.1,{}
4834.a.154688.1,{}
4835.a.4835.1,{}
4839.a.14517.1,{}
4853.a.4853.1,{}
4857.a.4857.1,{3}
4860.a.19440.1,{2}
4863.a.131301.1,{2}
4864.a.9728.1,"{2, 3}"
4874.a.9748.1,{2}
4886.a.156352.1,"{2, 3}"
4889.a.4889.1,{}
4890.a.146700.1,{2}
4896.a.626688.1,"{2, 5}"
4908.a.9816.1,{3}
4908.a.628224.1,{}
4916.a.39328.1,{}
4923.a.14769.1,{2}
4924.a.78784.1,{}
4925.a.4925.1,{7}
4925.b.4925.1,{}
4932.a.177552.1,"{2, 5}"
4941.a.4941.1,{}
4941.b.400221.1,{}
4949.a.4949.1,{2}
4949.b.4949.1,{3}
4954.a.4954.1,{5}
4957.a.4957.1,{}
4962.a.4962.1,{2}
4963.a.4963.1,{2}
4964.a.9928.1,{2}
4968.a.804816.1,{2}
4969.a.4969.1,{}
4971.a.4971.1,{2}
4974.a.268596.1,{2}
4979.a.4979.1,{}
4989.a.14967.1,{}
4992.a.119808.1,{2}
4992.b.159744.1,"{2, 3}"
4992.c.958464.1,{2}
4997.a.4997.1,{}
5004.a.960768.1,{2}
5006.a.320384.1,{7}
5008.a.641024.1,{}
5012.a.80192.1,{}
5012.b.80192.1,{}
5012.c.320768.1,{}
5020.a.251000.1,"{2, 3}"
5024.a.40192.1,{}
5024.b.643072.1,{}
5026.a.35182.1,{2}
5027.a.5027.1,{}
5030.a.10060.1,{}
5030.b.50300.1,{2}
5032.a.40256.1,{3}
5043.a.5043.1,{}
5043.a.45387.1,{}
5046.a.20184.1,{}
5046.a.45414.1,{3}
5046.b.20184.1,{5}
5046.c.20184.1,{2}
5049.a.85833.1,{2}
5050.a.50500.1,{}
5051.a.5051.1,{2}
5056.a.5056.1,{2}
5059.a.5059.1,{}
5060.a.116380.1,{2}
5062.a.5062.1,{}
5072.a.81152.1,{5}
5072.b.81152.1,{5}
5072.c.81152.1,{}
5077.a.5077.1,{2}
5077.a.5077.2,{2}
5077.b.5077.1,{2}
5077.b.5077.2,{2}
5078.a.5078.1,{2}
5078.a.40624.1,{2}
5087.a.5087.1,{}
5088.a.10176.1,{2}
5088.b.651264.1,"{2, 7}"
5094.a.5094.1,{5}
5094.b.122256.1,{}
5100.a.61200.1,{}
5101.a.5101.1,{}
5103.a.15309.1,{}
5105.a.5105.1,{}
5108.a.20432.1,{}
5111.a.97109.1,{2}
5113.a.5113.1,{}
5114.a.20456.1,{3}
5120.a.40960.1,{2}
5120.b.40960.1,"{2, 3}"
5125.a.25625.1,{}
5126.a.10252.1,"{2, 3}"
5139.a.46251.1,{2}
5144.a.658432.1,{2}
5151.a.15453.1,{2}
5151.b.139077.1,"{2, 5}"
5157.a.5157.1,{2}
5157.b.5157.1,{}
5157.c.46413.1,{}
5157.d.417717.1,{2}
5157.e.417717.1,{2}
5161.a.5161.1,{}
5166.a.247968.1,"{2, 5}"
5170.a.10340.1,"{2, 3}"
5170.b.10340.1,{2}
5171.a.5171.1,{2}
5173.a.5173.1,{5}
5184.b.746496.1,"{2, 5}"
5184.c.995328.1,{2}
5196.a.332544.1,{2}
5200.b.332800.1,{13}
5201.a.36407.1,{}
5204.a.5204.1,{5}
5204.b.20816.1,{}
5208.a.281232.1,{2}
5208.b.656208.1,{2}
5209.a.5209.1,{}
5210.a.416800.1,{}
5214.a.344124.1,{2}
5215.a.912625.1,{}
5222.a.41776.1,{2}
5232.a.669696.1,{3}
5235.a.26175.1,{2}
5239.a.5239.1,{}
5247.a.425007.1,{}
5248.a.671744.1,{2}
5254.a.5254.1,{5}
5256.a.168192.1,{2}
5262.a.10524.1,{}
5263.a.99997.1,{}
5264.a.673792.1,{3}
5266.a.10532.1,{}
5267.a.5267.1,{}
5280.a.633600.1,{2}
5280.b.675840.1,{2}
5290.a.169280.1,"{2, 3}"
5295.a.79425.1,{}
5296.a.84736.1,"{2, 5}"
5296.b.84736.1,"{2, 5}"
5296.c.84736.1,{2}
5299.a.5299.1,{}
5304.b.31824.1,{2}
5304.c.31824.1,{2}
5304.d.286416.1,{2}
5312.a.5312.1,{2}
5312.b.5312.1,{2}
5312.c.339968.1,{2}
5312.d.339968.1,{2}
5312.e.679936.1,{2}
5313.a.5313.1,{}
5313.b.642873.1,{3}
5317.a.5317.1,{}
5319.a.5319.1,{}
5331.a.15993.1,{}
5334.a.37338.1,{2}
5336.a.170752.1,{2}
5344.a.85504.1,{}
5345.a.5345.1,{}
5352.a.289008.1,{2}
5352.a.685056.1,{2}
5357.a.5357.1,{}
5360.a.686080.1,{}
5363.a.5363.1,{}
5364.a.193104.1,{}
5365.a.5365.1,{2}
5365.a.670625.1,{2}
5365.b.777925.1,{2}
5376.a.32256.1,{2}
5376.a.75264.1,{2}
5376.b.75264.1,{2}
5390.d.237160.1,{2}
5390.d.862400.1,{2}
5392.a.690176.1,{}
5402.a.788692.1,{2}
5414.a.10828.1,{}
5414.b.21656.1,{}
5416.a.173312.1,{7}
5418.a.341334.1,"{2, 5}"
5424.a.5424.1,{2}
5429.a.483181.1,{2}
5434.a.43472.1,{}
5436.a.391392.1,"{2, 3}"
5440.a.27200.1,{2}
5440.b.27200.1,"{2, 3}"
5440.c.348160.1,{2}
5446.a.43568.1,"{2, 3}"
5449.a.5449.1,{}
5449.b.5449.1,{}
5451.a.5451.1,{2}
5454.a.174528.1,{}
5458.a.5458.1,{3}
5464.a.349696.1,{}
5465.a.5465.1,{}
5465.b.5465.1,{}
5472.a.10944.1,{2}
5472.c.87552.1,{2}
5477.a.5477.1,{5}
5477.a.5477.2,{}
5487.a.49383.1,{}
5487.b.170097.1,"{2, 3}"
5488.a.702464.1,{2}
5494.a.10988.1,{}
5495.a.5495.1,{2}
5495.a.686875.1,{2}
5496.a.32976.1,{2}
5497.a.5497.1,{3}
5497.b.5497.1,{3}
5497.c.5497.1,{}
5497.d.5497.1,{2}
5497.e.5497.1,{}
5501.a.5501.1,{}
5504.a.176128.1,{2}
5504.b.176128.1,{2}
5504.c.352256.1,{2}
5504.d.704512.1,{2}
5522.a.22088.1,{}
5525.a.5525.1,{2}
5526.a.132624.1,{2}
5526.b.397872.1,"{2, 5}"
5529.a.149283.1,{2}
5532.a.265536.1,{3}
5535.a.5535.1,{2}
5535.b.249075.1,{2}
5536.a.88576.1,{}
5547.a.5547.1,{}
5548.a.22192.1,{}
5550.a.133200.1,{2}
5555.a.5555.1,{}
5568.a.5568.1,"{2, 3}"
5568.b.89088.1,{2}
5569.a.5569.1,{}
5572.a.11144.1,{3}
5573.a.5573.1,{5}
5573.b.5573.1,{}
5576.a.11152.1,{2}
5576.a.44608.1,{2}
5578.a.22312.1,{}
5580.a.33480.1,{3}
5584.a.22336.1,{}
5589.a.5589.1,{}
5589.b.5589.1,{}
5589.c.452709.1,{3}
5591.a.5591.1,{2}
5592.a.33552.1,{}
5598.a.134352.1,{2}
5599.a.5599.1,{}
5602.a.179264.1,{3}
5610.a.56100.1,{2}
5627.a.5627.1,{}
5630.a.360320.1,{}
5637.a.152199.1,{2}
5641.a.5641.1,{}
5642.a.174902.1,{2}
5644.a.383792.1,"{2, 3}"
5649.a.16947.1,{2}
5651.a.5651.1,{}
5651.b.5651.1,{}
5655.a.84825.1,{2}
5655.b.491985.1,{2}
5659.a.5659.1,{3}
5662.a.90592.1,{}
5666.a.11332.1,{}
5668.a.5668.1,{}
5669.a.5669.1,{2}
5669.b.5669.1,{2}
5669.c.5669.1,{2}
5674.a.45392.1,{2}
5674.b.726272.1,{2}
5677.a.5677.1,{}
5680.a.908800.1,{2}
5685.a.51165.1,{}
5696.a.11392.1,{}
5696.a.11392.2,{}
5705.a.5705.1,{2}
5711.a.5711.1,{7}
5723.a.5723.1,{2}
5723.a.5723.2,{2}
5732.a.45856.1,{}
5739.a.154953.1,"{2, 3}"
5753.a.63283.1,{2}
5758.a.368512.1,{}
5769.a.17307.1,{2}
5769.b.17307.1,{}
5769.c.17307.1,{2}
5775.a.144375.1,{2}
5788.a.11576.1,{}
5798.a.11596.1,{}
5798.b.185536.1,{2}
5800.a.928000.1,{2}
5803.a.5803.1,{2}
5808.a.5808.1,{2}
5815.a.29075.1,{2}
5819.a.5819.1,{}
5827.a.5827.1,{}
5834.a.46672.1,{2}
5835.a.5835.1,{2}
5835.b.5835.1,{2}
5835.c.5835.1,{2}
5835.c.5835.2,{2}
5837.a.5837.1,{}
5849.a.5849.1,{}
5854.a.93664.1,{}
5856.a.93696.1,{2}
5856.b.187392.1,"{2, 3}"
5863.a.76219.1,{2}
5864.a.11728.1,{3}
5864.b.11728.1,{2}
5864.b.750592.1,{2}
5864.c.23456.1,{5}
5864.d.375296.1,{}
5865.a.5865.1,{}
5865.b.5865.1,{3}
5867.a.5867.1,{}
5868.a.751104.1,"{2, 5}"
5868.a.844992.1,"{2, 5}"
5871.a.5871.1,{2}
5880.a.411600.1,{2}
5888.a.5888.1,{2}
5888.b.5888.1,{2}
5888.b.94208.1,{2}
5888.c.5888.1,{2}
5888.c.94208.1,{2}
5888.c.94208.2,{2}
5893.a.5893.1,{}
5898.a.5898.1,{}
5904.a.70848.1,{2}
5911.a.5911.1,{}
5911.b.5911.1,{}
5915.a.384475.1,{2}
5928.a.450528.1,"{2, 5}"
5929.a.456533.1,{2}
5930.a.5930.1,{2}
5933.a.5933.1,{2}
5936.a.41552.1,{2}
5936.b.94976.1,{}
5939.a.5939.1,{3}
5952.a.71424.1,{2}
5952.b.71424.1,{2}
5952.c.380928.1,{2}
5952.c.380928.2,{2}
5952.c.642816.1,{2}
5957.a.5957.1,{2}
5964.a.35784.1,{3}
5968.a.381952.1,{13}
5971.a.41797.1,{}
5976.a.573696.1,{2}
5992.a.11984.1,{2}
5992.a.47936.1,{2}
5992.b.766976.1,{2}
5994.a.485514.1,{5}
5998.a.5998.1,{2}
6003.a.18009.1,{}
6005.a.6005.1,{5}
6008.a.12016.1,{2}
6013.a.42091.1,{2}
6018.a.204612.1,{2}
6019.a.6019.1,{}
6022.a.48176.1,{}
6032.a.78416.1,{2}
6034.a.84476.1,{2}
6050.a.60500.1,{3}
6074.a.48592.1,{}
6074.b.194368.1,{}
6075.c.91125.1,{2}
6076.a.97216.1,{}
6076.b.170128.1,{}
6080.a.97280.1,{2}
6081.a.6081.1,{2}
6081.a.164187.1,{2}
6081.b.164187.1,{}
6088.a.12176.1,{2}
6088.b.48704.1,{2}
6090.a.127890.1,{2}
6093.a.54837.1,{5}
6093.b.54837.1,{2}
6093.b.493533.1,{2}
6096.a.97536.1,{5}
6096.b.97536.1,{}
6096.c.390144.1,{}
6099.a.115881.1,{2}
6105.a.201465.1,{2}
6106.a.390784.1,{}
6107.a.189317.1,{2}
6108.a.109944.1,{3}
6117.a.6117.1,{}
6117.b.495477.1,{5}
6120.a.110160.1,{2}
6120.b.440640.1,{2}
6120.c.991440.1,"{2, 3}"
6124.a.97984.1,{}
6129.a.165483.1,{2}
6135.a.6135.1,{2}
6136.a.24544.1,{5}
6140.a.24560.1,{}
6142.a.12284.1,{}
6144.a.12288.1,{2}
6152.a.49216.1,{}
6153.a.6153.1,{2}
6153.a.166131.1,{2}
6160.a.6160.1,{}
6160.b.24640.1,{}
6163.a.6163.1,{2}
6166.a.49328.1,{}
6167.a.6167.1,{}
6169.a.6169.1,{}
6172.a.98752.1,{5}
6173.a.6173.1,{}
6176.a.49408.1,{}
6192.a.6192.1,{2}
6199.a.6199.1,{3}
6201.a.241839.1,{2}
6203.a.6203.1,{2}
6203.b.6203.1,{}
6203.c.6203.1,{2}
6203.d.6203.1,{2}
6203.e.6203.1,{}
6203.f.6203.1,{}
6208.a.198656.1,{}
6210.a.12420.1,{2}
6210.b.794880.1,{2}
6210.c.894240.1,{5}
6216.a.459984.1,{2}
6217.a.6217.1,{}
6220.a.199040.1,{2}
6224.a.24896.1,{2}
6224.b.24896.1,{2}
6228.a.597888.1,{2}
6229.a.6229.1,{}
6232.a.12464.1,{}
6234.a.18702.1,{}
6235.a.904075.1,{2}
6249.a.6249.1,{}
6256.a.800768.1,{}
6258.a.6258.1,{2}
6262.a.12524.1,{2}
6265.a.43855.1,{2}
6267.a.6267.1,{2}
6270.a.188100.1,{2}
6273.a.56457.1,{2}
6279.a.144417.1,{2}
6281.a.69091.1,{2}
6282.a.301536.1,{}
6284.a.25136.1,{}
6285.a.6285.1,{}
6288.a.12576.1,"{2, 3}"
6288.b.75456.1,{2}
6291.a.6291.1,{}
6291.b.6291.1,{}
6291.c.6291.1,{}
6291.d.6291.1,{}
6291.e.56619.1,{}
6291.f.56619.1,{}
6294.a.201408.1,{}
6304.a.201728.1,{}
6307.a.334271.1,{2}
6308.a.807424.1,{}
6309.a.6309.1,{2}
6309.a.6309.2,{2}
6312.a.100992.1,{}
6313.a.6313.1,{}
6314.a.6314.1,{2}
6319.a.448649.1,{2}
6321.a.44247.1,{}
6322.a.12644.1,{}
6327.a.170829.1,{7}
6334.a.25336.1,{3}
6336.a.152064.1,{3}
6342.a.202944.1,{}
6343.a.6343.1,{2}
6348.a.25392.1,{2}
6348.a.171396.1,{2}
6351.a.19053.1,{2}
6352.a.101632.1,{2}
6352.b.406528.1,{2}
6369.a.19107.1,{2}
6369.b.171963.1,{2}
6374.a.6374.1,{}
6375.a.95625.1,{2}
6376.a.12752.1,{2}
6399.a.6399.1,{2}
6399.a.172773.1,{2}
6400.a.12800.1,{2}
6404.a.12808.1,{}
6420.a.25680.1,"{2, 3}"
6423.a.19269.1,{}
6426.a.218484.1,{2}
6429.a.6429.1,{2}
6437.a.6437.1,{}
6441.a.6441.1,{3}
6441.b.57969.1,{}
6443.a.6443.1,{}
6448.a.825344.1,{2}
6452.a.103232.1,{3}
6454.a.25816.1,{}
6454.b.103264.1,{}
6463.a.6463.1,{}
6464.a.413696.1,{7}
6472.a.12944.1,{}
6474.a.673296.1,{2}
6480.a.103680.1,{2}
6490.a.142780.1,{2}
6491.a.6491.1,{5}
6496.a.727552.1,{2}
6506.a.13012.1,{}
6509.a.6509.1,{}
6511.a.6511.1,{}
6512.a.6512.1,{}
6512.b.6512.1,{}
6512.c.26048.1,{5}
6516.a.834048.1,{2}
6520.a.26080.1,"{2, 5}"
6524.a.13048.1,{}
6540.a.78480.1,{3}
6544.a.6544.1,{3}
6544.a.104704.1,{}
6544.b.418816.1,{13}
6549.a.6549.1,{2}
6560.a.52480.1,{2}
6560.b.524800.2,{2}
6560.b.524800.1,{2}
6566.a.91924.1,{2}
6570.a.479610.1,{2}
6571.a.6571.1,{2}
6574.a.13148.1,{2}
6575.a.32875.1,{2}
6579.a.19737.1,{2}
6582.a.6582.1,{}
6588.a.105408.1,{3}
6592.a.843776.1,{}
6602.a.211264.1,{2}
6608.a.26432.1,{2}
6613.a.112421.1,{2}
6615.a.6615.1,{}
6615.b.416745.1,{2}
6621.a.6621.1,{2}
6625.a.6625.1,{}
6625.b.33125.1,{2}
6625.c.33125.1,{2}
6625.c.33125.2,{2}
6628.a.212096.1,{11}
6631.a.125989.1,{3}
6631.b.125989.1,{2}
6640.a.531200.1,"{2, 3}"
6652.a.106432.1,{}
6656.a.212992.1,{2}
6656.b.851968.1,{2}
6658.a.106528.1,{}
6664.a.13328.1,{2}
6672.a.6672.1,{2}
6672.a.720576.1,{2}
6672.b.40032.1,{2}
6672.c.320256.1,{2}
6675.a.60075.1,{2}
6677.a.6677.1,{2}
6688.a.53504.1,{}
6688.b.856064.1,{}
6688.c.856064.1,{}
6688.d.856064.1,{}
6698.a.227732.1,{2}
6698.b.455464.1,{2}
6702.a.80424.1,{}
6704.a.429056.1,{}
6713.a.6713.1,{3}
6718.a.13436.1,{}
6728.a.13456.1,{}
6735.a.60615.1,{}
6736.a.215552.1,{2}
6736.b.431104.1,{}
6743.a.74173.1,{}
6759.a.182493.1,{2}
6761.a.6761.1,{}
6763.a.6763.1,{}
6768.a.6768.1,{2}
6782.a.27128.1,{3}
6783.a.997101.1,{}
6784.a.6784.1,"{2, 3}"
6784.b.6784.1,{}
6784.c.6784.1,{2}
6784.d.13568.1,{2}
6784.e.868352.1,{2}
6785.a.33925.1,{}
6792.a.40752.1,{2}
6795.a.6795.1,{2}
6797.a.6797.1,{}
6800.a.27200.1,{}
6804.a.40824.1,{3}
6807.a.20421.1,{}
6807.b.183789.1,{}
6810.a.61290.1,"{2, 3}"
6811.a.6811.1,{2}
6813.a.61317.1,{2}
6813.b.61317.1,{2}
6813.c.551853.1,{2}
6814.a.13628.1,{2}
6814.b.109024.1,{}
6816.a.109056.1,{2}
6816.a.872448.1,{2}
6816.b.109056.1,{2}
6825.a.716625.1,{2}
6826.a.218432.1,"{2, 3}"
6827.a.6827.1,{5}
6827.a.6827.2,{}
6831.a.157113.1,{2}
6831.a.225423.1,{2}
6838.a.27352.1,{3}
6843.a.6843.1,{3}
6843.b.6843.1,{3}
6843.c.554283.1,{}
6845.b.34225.1,{}
6860.a.48020.1,{2}
6868.a.439552.1,{}
6868.b.439552.1,{2}
6869.a.6869.1,{}
6877.a.6877.1,{2}
6877.b.6877.1,{2}
6880.a.110080.1,{2}
6880.b.440320.1,{2}
6884.a.55072.1,{3}
6885.a.20655.1,{2}
6887.a.6887.1,{}
6891.a.20673.1,{}
6896.a.110336.1,{2}
6896.b.441344.1,"{2, 3}"
6898.a.13796.1,{}
6904.a.13808.1,{}
6904.b.883712.1,{}
6909.a.186543.1,{}
6912.b.13824.1,{2}
6912.d.41472.1,{2}
6912.d.124416.1,{2}
6919.a.6919.1,{}
6920.a.13840.1,{}
6924.a.62316.1,{5}
6928.a.27712.1,{2}
6928.b.110848.1,{5}
6928.c.443392.1,{13}
6933.a.6933.1,{}
6935.a.34675.1,{2}
6940.a.13880.1,{}
6940.b.888320.1,{}
6944.a.111104.1,{}
6945.a.20835.1,{2}
6947.a.6947.1,{}
6950.a.55600.1,{}
6950.b.69500.1,{3}
6950.c.69500.1,{2}
6952.a.13904.1,{}
6964.a.6964.1,{3}
6964.b.222848.1,"{2, 5}"
6971.a.6971.1,{}
6972.a.446208.1,{2}
6976.a.6976.1,{2}
6982.a.13964.1,{}
6997.a.6997.1,{}
7002.a.504144.1,{2}
7004.a.28016.1,{}
7012.a.112192.1,{3}
7013.a.7013.1,{5}
7015.a.35075.1,{3}
7018.a.7018.1,{2}
7018.a.56144.1,{2}
7019.a.7019.1,{2}
7019.a.7019.2,{2}
7023.a.7023.1,{2}
7023.b.21069.1,{7}
7029.a.7029.1,{2}
7029.a.7029.2,{2}
7035.a.49245.1,{2}
7035.b.738675.1,{2}
7037.a.7037.1,{7}
7038.a.7038.1,{2}
7042.a.14084.1,{2}
7052.a.14104.1,{}
7070.a.14140.1,{2}
7074.a.7074.1,{3}
7080.a.56640.1,{2}
7084.a.14168.1,{3}
7096.a.454144.1,{}
7100.a.14200.1,{}
7101.a.7101.1,{}
7103.a.7103.1,{}
7106.a.270028.1,{2}
7109.a.7109.1,{}
7112.a.199136.1,"{2, 5}"
7120.b.569600.1,"{2, 3}"
7122.a.683712.1,"{2, 3}"
7126.a.698348.1,"{2, 3}"
7128.a.14256.1,{2}
7136.a.14272.1,{}
7136.b.913408.1,{2}
7139.a.7139.1,{}
7140.a.14280.1,{2}
7147.a.7147.1,{2}
7148.a.28592.1,{2}
7148.b.457472.1,{2}
7161.a.7161.1,{3}
7161.b.64449.1,{}
7161.c.64449.1,{}
7165.a.7165.1,{2}
7168.b.458752.1,{2}
7168.d.458752.1,{2}
7168.d.802816.1,{2}
7173.a.581013.1,{}
7173.b.581013.1,{}
7175.a.50225.1,{}
7180.a.28720.1,"{2, 3}"
7185.a.7185.1,{2}
7188.a.28752.1,{2}
7188.b.517536.1,"{2, 3}"
7189.a.7189.1,{2}
7190.a.7190.1,{2}
7190.a.57520.1,{2}
7198.a.14396.1,{}
7200.d.345600.1,{}
7204.a.230528.1,{}
7205.a.396275.1,{2}
7209.a.7209.1,{}
7209.b.21627.1,{2}
7211.a.7211.1,{}
7221.a.7221.1,{}
7227.a.238491.1,{2}
7232.a.14464.1,"{2, 3}"
7235.a.7235.1,{}
7258.a.58064.1,{}
7263.a.21789.1,{2}
7268.a.232576.1,{11}
7270.a.7270.1,{2}
7275.a.7275.1,{2}
7275.a.7275.2,{2}
7275.b.109125.1,{2}
7280.a.29120.1,{2}
7280.b.145600.1,"{2, 5}"
7290.a.43740.1,{2}
7290.b.43740.1,"{2, 3}"
7292.a.466688.1,{}
7296.a.43776.1,{2}
7296.b.233472.1,{2}
7296.c.933888.1,{2}
7296.d.933888.1,{2}
7299.a.65691.1,{2}
7299.b.591219.1,{2}
7300.a.29200.1,{}
7301.a.7301.1,{}
7304.a.14608.1,{}
7316.a.117056.1,{}
7317.a.7317.1,{2}
7317.a.65853.1,{2}
7322.a.51254.1,{2}
7322.a.410032.1,{2}
7328.a.58624.1,{2}
7328.a.937984.1,{2}
7328.a.937984.2,{2}
7328.b.58624.1,{2}
7328.b.937984.1,{2}
7328.c.937984.1,{2}
7330.a.14660.1,{2}
7330.b.58640.1,{2}
7330.b.58640.2,{2}
7332.a.263952.1,"{3, 5}"
7334.a.7334.1,{2}
7351.a.7351.1,{2}
7359.a.22077.1,{2}
7359.b.22077.1,{2}
7360.a.147200.1,{2}
7376.a.29504.1,{}
7376.b.472064.1,{3}
7383.a.7383.1,{3}
7383.b.7383.1,{}
7384.a.472576.1,{2}
7389.a.22167.1,{2}
7398.a.44388.1,{2}
7403.a.7403.1,{}
7404.a.710784.1,{}
7407.a.22221.1,{}
7408.a.948224.1,{}
7419.a.7419.1,{}
7422.a.7422.1,{2}
7424.a.14848.1,{2}
7424.b.14848.1,"{2, 3}"
7424.c.14848.1,{2}
7424.d.14848.1,{2}
7427.a.51989.1,{}
7428.a.14856.1,{3}
7432.a.14864.1,{3}
7432.b.59456.1,{}
7440.a.29760.1,{2}
7440.b.89280.1,"{2, 5}"
7440.c.357120.1,{2}
7440.d.357120.1,{2}
7445.a.7445.1,{}
7446.a.178704.1,{2}
7446.b.714816.1,{2}
7447.a.7447.1,{3}
7448.a.14896.1,{2}
7451.a.7451.1,{2}
7452.a.268272.1,"{3, 5}"
7452.b.804816.1,{2}
7456.a.14912.1,{}
7456.b.14912.1,{2}
7456.c.59648.1,{}
7463.a.7463.1,{2}
7464.a.238848.1,{2}
7468.a.29872.1,{}
7484.a.957952.1,"{2, 5}"
7488.a.22464.1,{2}
7488.c.67392.1,"{2, 3}"
7488.c.292032.1,"{2, 3}"
7488.d.67392.1,{2}
7488.d.292032.1,{2}
7489.a.7489.1,{}
7490.a.419440.1,{2}
7496.a.239872.1,{}
7504.a.30016.1,{5}
7508.a.480512.1,{}
7516.a.30064.1,{2}
7521.a.7521.1,{}
7529.a.7529.1,{}
7531.a.128027.1,{2}
7533.a.203391.1,{}
7542.a.45252.1,{2}
7545.a.7545.1,{2}
7549.a.7549.1,{}
7551.a.22653.1,"{2, 3}"
7552.a.60416.1,{2}
7552.b.60416.1,{2}
7552.c.966656.1,{2}
7558.a.15116.1,{2}
7562.a.241984.1,{3}
7565.a.37825.1,{}
7568.a.7568.1,{3}
7575.a.113625.1,{}
7575.b.189375.1,{2}
7578.a.22734.1,{}
7578.b.136404.1,{}
7581.a.53067.1,{2}
7594.a.7594.1,{2}
7594.a.60752.1,{2}
7594.b.7594.1,{}
7594.c.30376.1,{}
7604.a.15208.1,{3}
7609.a.7609.1,{}
7613.a.175099.1,{2}
7616.a.106624.1,"{2, 3}"
7620.a.228600.1,"{2, 3}"
7625.a.38125.1,"{2, 3}"
7627.a.7627.1,{}
7629.a.68661.1,{3}
7629.b.68661.1,{5}
7632.a.15264.1,{2}
7641.a.68769.1,{}
7643.a.7643.1,{}
7655.a.38275.1,{2}
7657.a.7657.1,{3}
7657.b.7657.1,{}
7660.a.30640.1,{}
7661.a.7661.1,{}
7662.a.30648.1,"{2, 3}"
7662.b.45972.1,{}
7662.c.122592.1,{}
7669.a.7669.1,{2}
7669.a.7669.2,{2}
7672.a.122752.1,{11}
7675.a.7675.1,{2}
7675.b.7675.1,{2}
7676.a.7676.1,{}
7680.a.46080.1,{2}
7680.b.46080.1,{2}
7680.c.61440.1,{2}
7684.a.7684.1,{}
7692.a.553824.1,{2}
7693.a.376957.1,{2}
7697.a.7697.1,{}
7705.a.7705.1,{}
7707.a.7707.1,{}
7709.a.7709.1,{2}
7712.a.15424.1,{2}
7717.a.7717.1,{}
7728.a.865536.1,"{2, 5}"
7728.b.865536.1,"{2, 5}"
7732.a.123712.1,{2}
7744.a.495616.1,{2}
7748.a.991744.1,"{2, 3}"
7755.a.7755.1,{2}
7760.a.496640.1,{2}
7763.a.54341.1,{5}
7772.a.994816.1,{2}
7776.a.124416.1,{}
7788.a.93456.1,{2}
7792.a.997376.1,{2}
7801.a.7801.1,{}
7805.a.273175.1,{2}
7808.a.7808.1,{2}
7808.b.15616.1,{}
7808.c.15616.1,"{2, 3}"
7808.d.15616.1,{2}
7808.e.15616.1,{}
7808.f.999424.1,{2}
7810.a.429550.1,{2}
7821.a.70389.1,{3}
7821.b.633501.1,{}
7822.a.7822.1,{2}
7823.a.7823.1,{}
7831.a.7831.1,{3}
7836.a.846288.1,{2}
7839.a.305721.1,{2}
7840.a.62720.1,{2}
7843.a.86273.1,{}
7844.a.125504.1,{}
7848.a.188352.1,{3}
7850.a.251200.1,{2}
7852.a.102076.1,{}
7856.a.125696.1,{2}
7857.a.7857.1,{2}
7860.a.503040.1,{}
7862.a.15724.1,{2}
7863.a.23589.1,{2}
7865.a.7865.1,{2}
7870.a.62960.1,{}
7872.a.283392.1,{2}
7877.a.7877.1,{5}
7877.a.7877.2,{}
7877.b.7877.1,{}
7877.c.7877.1,{}
7877.d.7877.1,{}
7884.a.15768.1,{3}
7884.b.283824.1,{}
7884.c.504576.1,{}
7889.a.55223.1,{3}
7889.b.55223.1,{}
7913.a.7913.1,{}
7917.a.102921.1,{2}
7927.a.7927.1,{}
7927.b.7927.1,{}
7936.a.7936.1,{2}
7936.a.126976.1,{2}
7936.b.7936.1,{2}
7936.c.31744.1,"{2, 3}"
7944.a.190656.1,{2}
7944.b.428976.1,{2}
7945.a.7945.1,{}
7945.b.198625.1,{}
7945.c.198625.1,{}
7948.a.127168.1,{}
7967.a.7967.1,{}
7972.a.127552.1,{}
7975.a.438625.1,{2}
7976.a.255232.1,{2}
7977.a.7977.1,{}
7984.a.127744.1,{5}
7984.b.127744.1,{}
7988.a.31952.1,{3}
7989.a.7989.1,{2}
7998.a.7998.1,{2}
7998.a.215946.1,{2}
8004.a.128064.1,{3}
8012.a.64096.1,{7}
8015.a.56105.1,{2}
8016.a.513024.1,{3}
8019.b.8019.1,{3}
8020.a.256640.1,{}
8021.a.8021.1,{}
8022.a.16044.1,{2}
8022.b.256704.1,"{2, 3}"
8024.a.64192.1,{2}
8024.b.272816.1,{2}
8032.a.16064.1,{}
8034.a.32136.1,{2}
8034.a.867672.1,{2}
8037.a.377739.1,{2}
8045.a.8045.1,{}
8047.a.8047.1,{}
8048.a.128768.1,{2}
8048.b.128768.1,{5}
8048.c.515072.1,{}
8064.a.8064.1,{2}
8064.b.516096.1,"{2, 5}"
8066.a.32264.1,{3}
8068.a.32272.1,{}
8073.a.8073.1,{}
8077.a.8077.1,{5}
8080.a.161600.1,"{2, 5}"
8080.b.517120.1,{}
8085.a.396165.1,{2}
8086.a.32344.1,{2}
8088.a.97056.1,"{2, 5}"
8088.b.873504.1,"{2, 3}"
8091.a.24273.1,{}
8091.b.218457.1,{}
8097.a.24291.1,{}
8100.a.145800.1,{3}
8104.a.64832.1,{}
8120.a.470960.1,{2}
8128.a.8128.1,{2}
8128.b.520192.1,{7}
8132.a.32528.1,{}
8133.a.8133.1,{2}
8136.a.781056.1,{2}
8157.a.8157.1,{}
8162.a.865172.1,{2}
8172.a.523008.1,{2}
8177.a.106301.1,{2}
8177.b.106301.1,{2}
8179.a.8179.1,{}
8181.a.24543.1,{2}
8183.a.8183.1,{2}
8184.a.540144.1,{2}
8190.a.982800.1,{2}
8196.a.16392.1,"{2, 3}"
8200.a.82000.1,{2}
8201.a.8201.1,{}
8201.b.8201.1,{}
8204.a.32816.1,{}
8208.a.8208.1,{}
8212.a.32848.1,{}
8220.a.295920.1,{2}
8228.a.526592.1,{}
8233.a.8233.1,{}
8236.a.584756.1,{2}
8242.a.65936.1,{}
8243.a.8243.1,{}
8246.a.16492.1,{}
8251.a.8251.1,{3}
8256.a.16512.1,{}
8259.a.8259.1,{}
8271.a.24813.1,{2}
8271.b.24813.1,{2}
8271.c.223317.1,{2}
8271.d.223317.1,{2}
8272.a.8272.1,{2}
8272.a.529408.1,{2}
8274.a.173754.1,{2}
8288.a.132608.1,{2}
8295.a.655305.1,{2}
8303.b.8303.1,{}
8324.a.8324.1,{}
8324.b.133184.1,{}
8325.a.374625.1,{}
8330.a.58310.1,{2}
8332.a.33328.1,{}
8332.b.66656.1,{7}
8335.a.8335.1,{3}
8339.a.258509.1,{2}
8340.a.100080.1,{2}
8346.a.450684.1,{2}
8352.a.50112.1,{2}
8352.b.200448.1,{2}
8356.a.66848.1,{2}
8356.a.534784.1,{2}
8356.b.267392.1,{}
8357.a.8357.1,{2}
8357.a.8357.2,{2}
8357.b.8357.1,{2}
8361.a.8361.2,{2}
8361.a.8361.1,{2}
8366.a.16732.1,{}
8367.a.225909.1,{}
8368.a.133888.1,{2}
8370.a.16740.1,{2}
8375.a.41875.1,{2}
8379.a.410571.1,{2}
8396.a.8396.1,{}
8396.b.134336.1,{3}
8436.a.269952.1,{}
8441.a.8441.1,{3}
8447.a.8447.1,{}
8448.a.33792.1,"{2, 3}"
8450.a.8450.1,{}
8451.a.8451.1,{}
8451.b.76059.1,{}
8452.a.16904.1,{}
8452.b.16904.1,{}
8452.c.270464.1,{}
8454.a.16908.1,{2}
8462.a.33848.1,{5}
8462.b.541568.1,{}
8468.a.618164.1,{2}
8474.a.16948.1,{2}
8475.a.8475.1,{3}
8480.a.84800.1,{2}
8485.a.8485.1,{}
8489.a.8489.1,{}
8490.a.50940.1,{2}
8490.b.84900.1,{2}
8492.a.373648.1,{3}
8510.a.17020.1,{}
8511.a.25533.1,{2}
8511.b.229797.1,{2}
8512.a.272384.1,{2}
8518.a.34072.1,{}
8522.a.17044.1,{}
8523.a.690363.1,{}
8528.a.136448.1,{2}
8532.a.68256.1,{2}
8532.b.674028.1,{2}
8536.a.273152.1,{}
8539.a.8539.1,{}
8549.a.8549.1,{3}
8549.b.8549.1,{2}
8551.a.8551.1,{2}
8554.a.17108.1,{}
8556.a.410688.1,{}
8556.b.410688.1,{}
8560.a.342400.1,{2}
8565.a.128475.1,{2}
8568.a.822528.1,{2}
8574.a.34296.1,{}
8575.a.8575.1,{}
8576.a.8576.1,{}
8577.a.694737.1,{2}
8579.a.8579.1,{}
8586.a.695466.1,{}
8588.a.34352.1,{}
8596.a.962752.1,{2}
8597.a.8597.1,{}
8601.a.404247.1,"{2, 3}"
8604.a.34416.1,{2}
8604.b.825984.1,{3}
8610.a.353010.1,{2}
8612.a.17224.1,{3}
8622.a.17244.1,{2}
8624.a.965888.1,{2}
8640.c.552960.1,{2}
8642.a.138272.1,{2}
8646.a.285318.1,{2}
8648.a.553472.1,{}
8650.a.173000.1,"{2, 3}"
8655.a.43275.1,{2}
8657.a.8657.1,{3}
8660.a.34640.1,{2}
8660.b.554240.1,{2}
8666.a.970592.1,"{2, 5}"
8673.a.60711.1,{2}
8697.a.26091.1,{2}
8704.a.147968.1,{2}
8704.c.591872.1,{2}
8711.a.8711.1,{}
8714.a.8714.1,{}
8715.a.43575.1,{2}
8719.a.8719.1,{}
8720.a.34880.1,{}
8726.a.8726.1,{}
8726.b.558464.1,{}
8727.a.235629.1,{}
8728.a.279296.1,{}
8739.a.235953.1,{2}
8742.b.8742.1,{}
8747.a.8747.1,{}
8752.a.560128.1,{2}
8753.a.8753.1,{}
8757.a.8757.1,{}
8764.a.17528.1,{}
8764.b.61348.1,{2}
8768.a.8768.1,{2}
8768.b.8768.1,{2}
8780.a.17560.1,{2}
8780.b.280960.1,"{2, 3}"
8784.a.140544.1,{2}
8784.b.316224.1,"{2, 5}"
8794.a.70352.1,{3}
8796.a.140736.1,{2}
8796.a.949968.1,{2}
8800.b.70400.1,{2}
8803.a.8803.1,{}
8813.a.8813.1,{}
8813.b.8813.1,{}
8817.a.8817.1,{}
8818.a.17636.1,{}
8825.a.220625.1,{2}
8831.a.8831.1,{}
8831.b.8831.1,{}
8832.a.17664.1,{2}
8832.b.17664.1,{2}
8832.b.282624.1,{2}
8835.a.503595.1,{2}
8838.a.8838.1,{5}
8838.b.424224.1,{}
8842.a.70736.1,{}
8847.a.26541.1,{}
8860.a.70880.1,{2}
8864.a.17728.1,{}
8864.b.17728.1,{}
8865.a.398925.1,{2}
8883.a.8883.1,{2}
8883.a.79947.1,{2}
8886.a.106632.1,"{2, 3}"
8891.a.8891.1,{}
8894.a.284608.1,{}
8896.a.142336.1,{2}
8900.a.35600.1,{}
8910.a.80190.1,{3}
8920.a.17840.1,{2}
8928.a.214272.1,{2}
8928.b.214272.1,{2}
8928.c.857088.1,{3}
8936.a.571904.1,{7}
8948.a.35792.1,{3}
8954.a.71632.1,{}
8956.a.17912.1,{}
8957.a.8957.1,{}
8958.a.8958.1,{2}
8958.b.53748.1,{}
8960.c.17920.1,{2}
8960.d.17920.1,{2}
8960.d.627200.1,{2}
8960.e.286720.1,{}
8961.a.26883.1,{2}
8965.a.493075.1,{2}
8966.a.8966.1,{5}
8968.a.143488.1,{}
8969.a.8969.1,{}
8976.a.8976.1,{3}
8976.b.80784.1,{}
8976.c.574464.1,{2}
8976.d.574464.1,{2}
8982.a.53892.1,{2}
8990.a.17980.1,{}
8991.a.26973.1,{3}
8995.a.62965.1,{3}
8995.b.62965.1,{5}
9013.a.9013.1,{}
9024.a.9024.1,{}
9024.b.577536.1,{3}
9028.a.36112.1,{2}
9028.b.577792.1,{2}
9032.a.18064.1,{2}
9035.a.9035.1,{}
9040.a.723200.1,{2}
9051.a.190071.1,{2}
9052.a.18104.1,{2}
9052.a.144832.1,{2}
9052.b.36208.1,{}
9055.a.45275.1,{}
9055.b.45275.1,{}
9056.a.72448.1,{2}
9056.b.72448.1,{2}
9056.c.72448.1,{2}
9056.d.72448.1,{2}
9065.a.9065.1,{3}
9072.a.145152.1,{5}
9072.b.580608.1,{3}
9088.a.18176.1,{2}
9088.b.18176.1,{2}
9088.c.72704.1,{2}
9088.d.581632.1,{2}
9091.a.9091.1,{}
9093.a.9093.1,{2}
9093.b.63651.1,{2}
9101.a.9101.1,{}
9106.a.291392.1,{}
9119.a.100309.1,{2}
9125.a.228125.1,{5}
9130.a.365200.1,{2}
9131.a.9131.1,{}
9132.a.876672.1,"{2, 5}"
9136.a.36544.1,{2}
9138.a.292416.1,{2}
9148.a.36592.1,{}
9152.a.100672.1,"{2, 3}"
9152.b.585728.1,"{2, 3}"
9152.c.585728.1,{2}
9160.a.366400.1,{2}
9161.a.9161.1,{3}
9163.a.155771.1,{2}
9168.a.146688.1,{2}
9168.b.293376.1,{2}
9177.a.633213.1,{2}
9186.a.220464.1,{2}
9188.a.18376.1,{}
9200.a.736000.1,{2}
9200.b.736000.1,{2}
9204.a.994032.1,{2}
9205.a.64435.1,{2}
9210.a.497340.1,{2}
9212.a.36848.1,{5}
9212.b.451388.1,{5}
9215.a.9215.1,{}
9216.b.110592.1,{2}
9227.a.9227.1,{5}
9248.b.591872.1,{3}
9248.c.591872.1,{2}
9251.a.268279.1,{}
9252.a.296064.1,{5}
9259.a.9259.1,{}
9274.a.18548.1,{}
9277.a.9277.1,{2}
9277.a.9277.2,{2}
9278.a.18556.1,{}
9296.a.148736.1,{5}
9296.b.148736.1,{}
9297.a.9297.1,{}
9300.a.595200.1,{2}
9309.a.27927.1,{}
9312.a.297984.1,{}
9314.a.37256.1,{}
9318.a.9318.1,{2}
9331.a.9331.1,{}
9331.b.9331.1,{}
9336.a.896256.1,{2}
9341.a.9341.1,{}
9344.a.598016.1,"{2, 5}"
9345.a.65415.1,{2}
9354.a.897984.1,"{2, 3}"
9356.a.37424.1,{}
9365.a.9365.1,{}
9376.a.75008.1,{}
9380.a.600320.1,"{2, 5}"
9383.a.9383.1,{}
9398.a.37592.1,{3}
9400.a.18800.1,{2}
9402.a.225648.1,{2}
9403.a.9403.1,{2}
9405.a.84645.1,{2}
9408.c.762048.1,{2}
9409.a.9409.1,{}
9414.a.903744.1,{}
9426.a.509004.1,{}
9428.a.37712.1,{}
9428.b.603392.1,{}
9442.a.9442.1,{}
9446.a.18892.1,{}
9451.a.9451.1,{}
9454.a.302528.1,{}
9459.a.766179.1,{}
9459.b.766179.1,{}
9467.a.9467.1,{}
9468.a.170424.1,{}
9468.b.908928.1,{3}
9470.a.37880.1,{}
9472.a.151552.1,{2}
9472.b.606208.2,{2}
9472.b.606208.1,{2}
9472.c.606208.1,{2}
9472.c.606208.2,{2}
9472.d.606208.1,{2}
9477.a.28431.1,{2}
9477.b.255879.1,{2}
9477.b.767637.1,{2}
9477.c.767637.1,{3}
9483.a.9483.1,{2}
9489.a.256203.1,{2}
9492.a.66444.1,{2}
9496.a.18992.1,{}
9502.a.608128.1,{7}
9504.c.19008.1,{2}
9504.d.152064.1,{}
9504.f.684288.1,{}
9505.a.9505.1,{2}
9518.a.38072.1,{}
9523.a.9523.1,{}
9526.a.19052.1,{2}
9531.a.9531.1,{}
9532.a.38128.1,{}
9540.a.38160.1,{5}
9549.a.85941.1,{}
9552.a.38208.1,{5}
9561.a.86049.1,{}
9565.a.9565.1,{2}
9565.a.9565.2,{2}
9572.a.306304.1,{}
9574.a.612736.1,{2}
9576.a.919296.1,{2}
9579.a.9579.1,{}
9583.b.67081.1,{2}
9585.a.86265.1,{2}
9585.b.258795.1,{}
9589.a.9589.1,{}
9589.b.9589.1,{}
9589.c.9589.1,{}
9589.d.9589.1,{}
9596.a.614144.1,{7}
9597.a.9597.1,{2}
9598.a.9598.1,{2}
9598.a.9598.2,{2}
9598.a.76784.1,{2}
9600.a.921600.1,{2}
9601.a.9601.1,{}
9603.a.28809.1,{}
9616.a.38464.1,{}
9618.a.134652.1,{2}
9618.b.538608.1,{2}
9633.a.28899.1,{}
9634.a.19268.1,{}
9637.a.9637.1,{}
9639.a.607257.1,{2}
9651.a.86859.1,{}
9656.a.308992.1,{}
9660.a.618240.1,{2}
9664.a.9664.1,{}
9664.b.9664.1,{2}
9667.a.9667.1,{}
9667.b.473683.1,{2}
9672.a.754416.1,"{2, 3}"
9674.a.135436.1,"{2, 3}"
9675.a.9675.1,{2}
9675.b.145125.1,{2}
9686.a.9686.1,{5}
9696.a.19392.1,{2}
9698.a.38792.1,{5}
9700.a.485000.1,{}
9709.a.9709.2,{2}
9709.a.9709.1,{2}
9709.b.67963.1,{2}
9709.c.67963.1,{2}
9713.a.9713.1,{}
9713.b.9713.1,{}
9722.a.9722.1,{}
9722.b.622208.1,{}
9728.a.311296.1,{2}
9736.a.311552.1,{3}
9748.a.623872.1,{2}
9760.a.97600.1,{2}
9760.b.97600.1,{2}
9771.a.29313.1,{}
9774.a.263898.1,{2}
9774.b.791694.1,{2}
9774.c.791694.1,{2}
9783.a.29349.1,{}
9785.a.9785.1,{2}
9790.a.156640.1,{5}
9794.a.313408.1,{3}
9803.a.9803.1,{}
9810.a.470880.1,{2}
9815.a.9815.1,{2}
9817.a.9817.1,{}
9825.a.29475.1,{2}
9825.b.245625.1,{2}
9825.b.265275.1,{2}
9830.a.39320.1,{2}
9840.a.629760.1,{}
9843.a.9843.1,{}
9843.b.797283.1,{}
9846.a.59076.1,{3}
9848.a.315136.1,{7}
9849.a.68943.1,{2}
9864.a.177552.1,{5}
9868.a.39472.1,{5}
9875.a.49375.1,{}
9882.a.19764.1,{2}
9882.b.355752.1,"{3, 5}"
9896.a.39584.1,{3}
9898.a.19796.1,{2}
9899.a.9899.1,{2}
9900.a.59400.1,{}
9904.a.158464.1,{}
9904.b.633856.1,{}
9911.a.525283.1,{2}
9911.b.525283.1,{2}
9931.a.9931.1,{}
9935.a.49675.1,{2}
9936.b.268272.1,{2}
9941.a.9941.1,{}
9951.a.9951.1,{}
9957.a.268839.1,{}
9959.a.9959.1,{}
9960.a.298800.1,{2}
9963.a.269001.1,{2}
9963.a.807003.1,{2}
9967.a.9967.1,{}
9970.a.39880.1,{}
9971.a.129623.1,{2}
9975.a.149625.1,{2}
9977.a.9977.1,{}
9979.a.9979.1,{}
9984.a.19968.1,{2}
9984.b.179712.1,{2}
9984.c.259584.1,{2}
9994.a.319808.1,{}
